participant.id_in_session,participant.code,participant.label,participant._is_bot,participant._index_in_pages,participant._max_page_index,participant._current_app_name,participant._round_number,participant._current_page_name,participant.ip_address,participant.time_started,participant.visited,participant.mturk_worker_id,participant.mturk_assignment_id,participant.payoff,participant.payoff_plus_participation_fee,session.code,session.label,session.experimenter_name,session.mturk_HITId,session.mturk_HITGroupId,session.comment,session.is_demo,session.config.real_world_currency_per_point,session.config.participation_fee,ingreso_datos.1.player.id_in_group,ingreso_datos.1.player.age,ingreso_datos.1.player.gender,ingreso_datos.1.player.education,ingreso_datos.1.player.Q1,ingreso_datos.1.player.Q2,ingreso_datos.1.player.Q3,ingreso_datos.1.player.Q4,ingreso_datos.1.player.Q5,ingreso_datos.1.player.Q6,ingreso_datos.1.player.Q7,ingreso_datos.1.player.Q8,ingreso_datos.1.player.Q9,ingreso_datos.1.player.Q10,ingreso_datos.1.player.subsession_id,ingreso_datos.1.player.group_id,ingreso_datos.1.player.payoff,ingreso_datos.1.group.id_in_subsession,ingreso_datos.1.group.subsession_id,ingreso_datos.1.subsession.round_number,bret.1.player.id_in_group,bret.1.player.bomb,bret.1.player.bomb_row,bret.1.player.bomb_col,bret.1.player.boxes_collected,bret.1.player.pay_this_round,bret.1.player.round_result,bret.1.player.subsession_id,bret.1.player.group_id,bret.1.player.payoff,bret.1.group.id_in_subsession,bret.1.group.subsession_id,bret.1.subsession.round_number,bret.2.player.id_in_group,bret.2.player.bomb,bret.2.player.bomb_row,bret.2.player.bomb_col,bret.2.player.boxes_collected,bret.2.player.pay_this_round,bret.2.player.round_result,bret.2.player.subsession_id,bret.2.player.group_id,bret.2.player.payoff,bret.2.group.id_in_subsession,bret.2.group.subsession_id,bret.2.subsession.round_number,bret.3.player.id_in_group,bret.3.player.bomb,bret.3.player.bomb_row,bret.3.player.bomb_col,bret.3.player.boxes_collected,bret.3.player.pay_this_round,bret.3.player.round_result,bret.3.player.subsession_id,bret.3.player.group_id,bret.3.player.payoff,bret.3.group.id_in_subsession,bret.3.group.subsession_id,bret.3.subsession.round_number,bret.4.player.id_in_group,bret.4.player.bomb,bret.4.player.bomb_row,bret.4.player.bomb_col,bret.4.player.boxes_collected,bret.4.player.pay_this_round,bret.4.player.round_result,bret.4.player.subsession_id,bret.4.player.group_id,bret.4.player.payoff,bret.4.group.id_in_subsession,bret.4.group.subsession_id,bret.4.subsession.round_number,bret.5.player.id_in_group,bret.5.player.bomb,bret.5.player.bomb_row,bret.5.player.bomb_col,bret.5.player.boxes_collected,bret.5.player.pay_this_round,bret.5.player.round_result,bret.5.player.subsession_id,bret.5.player.group_id,bret.5.player.payoff,bret.5.group.id_in_subsession,bret.5.group.subsession_id,bret.5.subsession.round_number,lottery_game.1.player.id_in_group,lottery_game.1.player.loteria,lottery_game.1.player.coin,lottery_game.1.player.subsession_id,lottery_game.1.player.group_id,lottery_game.1.player.payoff,lottery_game.1.group.id_in_subsession,lottery_game.1.group.subsession_id,lottery_game.1.subsession.round_number,lottery_game.2.player.id_in_group,lottery_game.2.player.loteria,lottery_game.2.player.coin,lottery_game.2.player.subsession_id,lottery_game.2.player.group_id,lottery_game.2.player.payoff,lottery_game.2.group.id_in_subsession,lottery_game.2.group.subsession_id,lottery_game.2.subsession.round_number,lottery_game.3.player.id_in_group,lottery_game.3.player.loteria,lottery_game.3.player.coin,lottery_game.3.player.subsession_id,lottery_game.3.player.group_id,lottery_game.3.player.payoff,lottery_game.3.group.id_in_subsession,lottery_game.3.group.subsession_id,lottery_game.3.subsession.round_number,lottery_game.4.player.id_in_group,lottery_game.4.player.loteria,lottery_game.4.player.coin,lottery_game.4.player.subsession_id,lottery_game.4.player.group_id,lottery_game.4.player.payoff,lottery_game.4.group.id_in_subsession,lottery_game.4.group.subsession_id,lottery_game.4.subsession.round_number,lottery_game.5.player.id_in_group,lottery_game.5.player.loteria,lottery_game.5.player.coin,lottery_game.5.player.subsession_id,lottery_game.5.player.group_id,lottery_game.5.player.payoff,lottery_game.5.group.id_in_subsession,lottery_game.5.group.subsession_id,lottery_game.5.subsession.round_number
1,p6i90lpz,,0,7,37,bret,2,Decision,10.91.166.137,2018-04-17 00:56:47.464663+00:00,1,,,20,20.00,85995ou1,,,,,,1,1.0,0.00,1,24,Hombre,Universidad (pregrado),,,,7,6,5,4,3,2,1,1,1,0,1,1,1,1,0,1,7,20,,20,1,1,20,1,1,1,1,,,,,,,2,2,0,1,2,2,1,,,,,,,3,3,0,1,3,3,1,,,,,,,4,4,0,1,4,4,1,,,,,,,5,5,0,1,5,5,1,,2,1,1,0,1,1,1,1,,7,2,2,0,1,2,2,1,,9,3,3,0,1,3,3,1,,9,4,4,0,1,4,4,1,,4,5,5,0,1,5,5
1,jgj2795j,,0,4,37,bret,1,Decision,10.9.233.102,2018-04-17 01:01:45.227189+00:00,1,,,0,0.00,3gls2nfy,,,,,,1,1.0,0.00,1,26,Hombre,Universidad (pregrado),,,,,,,,,,,2,2,0,1,2,1,1,,,,,,,6,6,0,1,6,1,1,,,,,,,7,7,0,1,7,2,1,,,,,,,8,8,0,1,8,3,1,,,,,,,9,9,0,1,9,4,1,,,,,,,10,10,0,1,10,5,1,,4,6,6,0,1,6,1,1,,5,7,7,0,1,7,2,1,,5,8,8,0,1,8,3,1,,2,9,9,0,1,9,4,1,,8,10,10,0,1,10,5
1,veygm990,,0,2,15,bret,1,Decision,10.33.226.28,2018-04-17 01:02:34.392614+00:00,1,,,0,0.00,epm2s0eq,,,,,,1,1.0,0.00,,,,,,,,,,,,,,,,,,,,,1,,,,,,,11,11,0,1,11,1,1,,,,,,,12,12,0,1,12,2,1,,,,,,,13,13,0,1,13,3,1,,,,,,,14,14,0,1,14,4,1,,,,,,,15,15,0,1,15,5,,,,,,,,,,,,,,,,,,,,,,,,,,,,,,,,,,,,,,,,,,,,,
1,fb5mar14,,0,0,37,,,,,,0,,,0,0.00,etjdt9ta,,,,,,1,1.0,0.00,1,,,,,,,,,,,,,,3,3,0,1,3,1,1,,,,,,,16,16,0,1,16,1,1,,,,,,,17,17,0,1,17,2,1,,,,,,,18,18,0,1,18,3,1,,,,,,,19,19,0,1,19,4,1,,,,,,,20,20,0,1,20,5,1,,4,11,11,0,1,11,1,1,,10,12,12,0,1,12,2,1,,9,13,13,0,1,13,3,1,,10,14,14,0,1,14,4,1,,7,15,15,0,1,15,5
1,dhx58ile,,0,0,37,,,,,,0,,,0,0.00,ofmsv444,,,,,,1,1.0,0.00,1,,,,,,,,,,,,,,4,4,0,1,4,1,1,,,,,,,21,21,0,1,21,1,1,,,,,,,22,22,0,1,22,2,1,,,,,,,23,23,0,1,23,3,1,,,,,,,24,24,0,1,24,4,1,,,,,,,25,25,0,1,25,5,1,,3,16,16,0,1,16,1,1,,9,17,17,0,1,17,2,1,,6,18,18,0,1,18,3,1,,7,19,19,0,1,19,4,1,,10,20,20,0,1,20,5
1,gg70dljc,,0,4,37,bret,1,Decision,10.45.100.228,2018-04-17 01:04:25.912893+00:00,1,,,0,0.00,ebdyfxvo,,,,,,1,1.0,0.00,1,20,Hombre,Universidad (pregrado),,,,,,,,,,,5,5,0,1,5,1,1,,,,,,,26,26,0,1,26,1,1,,,,,,,27,27,0,1,27,2,1,,,,,,,28,28,0,1,28,3,1,,,,,,,29,29,0,1,29,4,1,,,,,,,30,30,0,1,30,5,1,,5,21,21,0,1,21,1,1,,6,22,22,0,1,22,2,1,,10,23,23,0,1,23,3,1,,8,24,24,0,1,24,4,1,,8,25,25,0,1,25,5
1,nzzmgdhv,,0,2,15,bret,1,Decision,10.65.108.122,2018-04-17 01:04:10.590199+00:00,1,,,0,0.00,0upqwmlz,,,,,,1,1.0,0.00,,,,,,,,,,,,,,,,,,,,,1,,,,,,,31,31,0,1,31,1,1,,,,,,,32,32,0,1,32,2,1,,,,,,,33,33,0,1,33,3,1,,,,,,,34,34,0,1,34,4,1,,,,,,,35,35,0,1,35,5,,,,,,,,,,,,,,,,,,,,,,,,,,,,,,,,,,,,,,,,,,,,,
1,8wb83lal,,0,4,37,bret,1,Decision,10.148.31.26,2018-04-17 01:05:35.903550+00:00,1,,,0,0.00,mjn52i83,,,,,,1,1.0,0.00,1,28,Hombre,Universidad (pregrado),,,,,,,,,,,6,6,0,1,6,1,1,,,,,,,36,36,0,1,36,1,1,,,,,,,37,37,0,1,37,2,1,,,,,,,38,38,0,1,38,3,1,,,,,,,39,39,0,1,39,4,1,,,,,,,40,40,0,1,40,5,1,,3,26,26,0,1,26,1,1,,4,27,27,0,1,27,2,1,,7,28,28,0,1,28,3,1,,9,29,29,0,1,29,4,1,,4,30,30,0,1,30,5
1,giliu3x6,,0,1,20,lottery_game,1,Instructions,10.101.219.132,2018-04-17 01:10:39.377204+00:00,1,,,0,0.00,49m0xjr4,,,,,,1,1.0,0.00,,,,,,,,,,,,,,,,,,,,,,,,,,,,,,,,,,,,,,,,,,,,,,,,,,,,,,,,,,,,,,,,,,,,,,,,,,,,,,,,,,,,,,1,,7,31,31,0,1,31,1,1,,4,32,32,0,1,32,2,1,,8,33,33,0,1,33,3,1,,10,34,34,0,1,34,4,1,,7,35,35,0,1,35,5
1,r74o9832,,0,2,15,bret,1,Decision,10.101.219.132,2018-04-17 01:10:50.226018+00:00,1,,,0,0.00,epk9duj4,,,,,,1,1.0,0.00,,,,,,,,,,,,,,,,,,,,,1,,,,,,,41,41,0,1,41,1,1,,,,,,,42,42,0,1,42,2,1,,,,,,,43,43,0,1,43,3,1,,,,,,,44,44,0,1,44,4,1,,,,,,,45,45,0,1,45,5,,,,,,,,,,,,,,,,,,,,,,,,,,,,,,,,,,,,,,,,,,,,,
1,n030fqxv,,0,38,37,lottery_game,5,TotalResults,10.97.231.53,2018-04-17 02:41:34.946240+00:00,1,,,157,157.00,jf1jsn1m,,,,,,0,1.0,0.00,1,23,Mujer,Universidad (pregrado),5,5,4,6,6,4,5,6,3,4,7,7,0,1,7,1,1,0,6,9,75,,75,46,46,75,1,46,1,1,1,7,4,75,,0,47,47,0,1,47,2,1,1,1,2,75,,0,48,48,0,1,48,3,1,1,1,5,50,,0,49,49,0,1,49,4,1,1,5,7,50,,0,50,50,0,1,50,5,1,2,6,36,36,26,1,36,1,1,2,10,37,37,26,1,37,2,1,3,2,38,38,10,1,38,3,1,4,4,39,39,6,1,39,4,1,2,2,40,40,14,1,40,5
2,ssuf0q9s,,0,38,37,lottery_game,5,TotalResults,10.47.231.89,2018-04-17 15:37:04.716295+00:00,1,,,320,320.00,jf1jsn1m,,,,,,0,1.0,0.00,2,27,Mujer,Universidad (pregrado),3,5,7,5,6,7,6,3,5,2,7,7,0,1,7,1,2,1,2,3,30,,0,46,46,0,1,46,1,2,0,4,8,30,,30,47,47,30,1,47,2,2,0,7,3,20,,20,48,48,20,1,48,3,2,1,6,2,100,,0,49,49,0,1,49,4,2,0,1,9,60,,60,50,50,60,1,50,5,2,4,6,36,36,42,1,36,1,2,5,10,37,37,50,1,37,2,2,2,1,38,38,14,1,38,3,2,5,8,39,39,50,1,39,4,2,6,7,40,40,54,1,40,5
3,q1qvokr3,,0,38,37,lottery_game,5,TotalResults,10.178.67.219,2018-04-17 15:39:58.727146+00:00,1,,,240,240.00,jf1jsn1m,,,,,,0,1.0,0.00,3,28,Hombre,Universidad (pregrado),5,3,4,3,6,5,5,5,5,3,7,7,0,1,7,1,3,0,3,3,30,,30,46,46,30,1,46,1,3,1,2,9,40,,0,47,47,0,1,47,2,3,0,7,3,60,,60,48,48,60,1,48,3,3,1,6,9,60,,0,49,49,0,1,49,4,3,1,9,5,50,,0,50,50,0,1,50,5,3,3,6,36,36,34,1,36,1,3,3,3,37,37,10,1,37,2,3,4,3,38,38,6,1,38,3,3,5,9,39,39,50,1,39,4,3,5,9,40,40,50,1,40,5
4,nuu9dkwy,,0,38,37,lottery_game,5,TotalResults,10.111.216.133,2018-04-17 15:44:39.832570+00:00,1,,,155,155.00,jf1jsn1m,,,,,,0,1.0,0.00,4,21,Hombre,Universidad (pregrado),6,6,6,5,7,4,5,5,6,4,7,7,0,1,7,1,4,0,3,10,1,,1,46,46,1,1,46,1,4,0,8,4,1,,1,47,47,1,1,47,2,4,0,9,9,1,,1,48,48,1,1,48,3,4,0,6,5,1,,1,49,49,1,1,49,4,4,0,2,5,1,,1,50,50,1,1,50,5,4,1,4,36,36,18,1,36,1,4,1,1,37,37,18,1,37,2,4,5,8,38,38,50,1,38,3,4,5,9,39,39,50,1,39,4,4,2,1,40,40,14,1,40,5
5,7pygyvbb,,0,38,37,lottery_game,5,TotalResults,10.11.176.95,2018-04-17 15:51:08.183831+00:00,1,,,182,182.00,jf1jsn1m,,,,,,0,1.0,0.00,5,30,Mujer,Postgrado,7,2,7,6,6,2,7,1,3,1,7,7,0,1,7,1,5,0,1,7,20,,20,46,46,20,1,46,1,5,1,3,4,50,,0,47,47,0,1,47,2,5,1,4,2,40,,0,48,48,0,1,48,3,5,0,2,6,40,,40,49,49,40,1,49,4,5,1,6,3,40,,0,50,50,0,1,50,5,5,6,10,36,36,54,1,36,1,5,6,4,37,37,-2,1,37,2,5,6,2,38,38,-2,1,38,3,5,6,9,39,39,54,1,39,4,5,1,2,40,40,18,1,40,5
6,t07f2vk7,,0,38,37,lottery_game,5,TotalResults,10.171.115.37,2018-04-17 15:48:41.780283+00:00,1,,,146,146.00,jf1jsn1m,,,,,,0,1.0,0.00,6,26,Mujer,Universidad (pregrado),5,6,7,7,7,5,1,1,1,4,7,7,0,1,7,1,6,1,8,4,50,,0,46,46,0,1,46,1,6,0,9,9,25,,25,47,47,25,1,47,2,6,1,5,2,50,,0,48,48,0,1,48,3,6,0,2,1,25,,25,49,49,25,1,49,4,6,0,6,9,30,,30,50,50,30,1,50,5,6,4,2,36,36,6,1,36,1,6,4,3,37,37,6,1,37,2,6,4,10,38,38,42,1,38,3,6,4,5,39,39,6,1,39,4,6,4,1,40,40,6,1,40,5
7,3dwvvhvm,,0,38,37,lottery_game,5,TotalResults,10.101.207.111,2018-04-17 15:49:47.832328+00:00,1,,,213,213.00,jf1jsn1m,,,,,,0,1.0,0.00,7,31,Hombre,Universidad (pregrado),7,5,7,5,7,4,7,1,7,2,7,7,0,1,7,1,7,0,9,3,15,,15,46,46,15,1,46,1,7,0,3,2,15,,15,47,47,15,1,47,2,7,0,7,1,5,,5,48,48,5,1,48,3,7,1,6,5,50,,0,49,49,0,1,49,4,7,0,8,3,20,,20,50,50,20,1,50,5,7,3,10,36,36,34,1,36,1,7,1,1,37,37,18,1,37,2,7,6,2,38,38,-2,1,38,3,7,6,6,39,39,54,1,39,4,7,6,9,40,40,54,1,40,5
8,zdcnv12r,,0,38,37,lottery_game,5,TotalResults,10.69.110.126,2018-04-17 15:53:07.519550+00:00,1,,,247,247.00,jf1jsn1m,,,,,,0,1.0,0.00,8,27,Hombre,Postgrado,5,5,6,5,5,7,6,2,6,2,7,7,0,1,7,1,8,0,1,6,35,,35,46,46,35,1,46,1,8,1,8,7,40,,0,47,47,0,1,47,2,8,0,7,6,36,,36,48,48,36,1,48,3,8,0,3,2,37,,37,49,49,37,1,49,4,8,0,1,6,37,,37,50,50,37,1,50,5,8,3,10,36,36,34,1,36,1,8,4,7,37,37,42,1,37,2,8,4,3,38,38,6,1,38,3,8,3,2,39,39,10,1,39,4,8,3,5,40,40,10,1,40,5
9,1dwzwcj1,,0,38,37,lottery_game,5,TotalResults,10.5.228.216,2018-04-17 15:56:38.421434+00:00,1,,,269,269.00,jf1jsn1m,,,,,,0,1.0,0.00,9,28,Hombre,Universidad (pregrado),7,1,7,2,7,2,7,2,7,1,7,7,0,1,7,1,9,1,6,7,40,,0,46,46,0,1,46,1,9,0,5,10,35,,35,47,47,35,1,47,2,9,0,3,8,37,,37,48,48,37,1,48,3,9,0,1,4,39,,39,49,49,39,1,49,4,9,0,4,1,40,,40,50,50,40,1,50,5,9,2,3,36,36,14,1,36,1,9,3,6,37,37,34,1,37,2,9,3,7,38,38,34,1,38,3,9,1,8,39,39,18,1,39,4,9,1,10,40,40,18,1,40,5
10,utr2xuwv,,0,38,37,lottery_game,5,TotalResults,10.47.231.89,2018-04-17 16:05:52.900339+00:00,1,,,232,232.00,jf1jsn1m,,,,,,0,1.0,0.00,10,20,Hombre,Secundaria completa,5,7,7,3,7,7,4,1,5,1,7,7,0,1,7,1,10,0,3,4,8,,8,46,46,8,1,46,1,10,0,4,9,14,,14,47,47,14,1,47,2,10,0,2,2,10,,10,48,48,10,1,48,3,10,0,7,5,6,,6,49,49,6,1,49,4,10,0,3,6,28,,28,50,50,28,1,50,5,10,4,9,36,36,42,1,36,1,10,5,9,37,37,50,1,37,2,10,4,5,38,38,6,1,38,3,10,3,9,39,39,34,1,39,4,10,3,10,40,40,34,1,40,5
11,cpycdslt,,0,2,37,ingreso_datos,1,soft_skills,10.35.228.180,2018-04-17 16:08:59.300531+00:00,1,,,0,0.00,jf1jsn1m,,,,,,0,1.0,0.00,11,20,Hombre,Secundaria completa,,,,,,,,,,,7,7,0,1,7,1,11,,,,,,,46,46,0,1,46,1,11,,,,,,,47,47,0,1,47,2,11,,,,,,,48,48,0,1,48,3,11,,,,,,,49,49,0,1,49,4,11,,,,,,,50,50,0,1,50,5,11,,6,36,36,0,1,36,1,11,,8,37,37,0,1,37,2,11,,9,38,38,0,1,38,3,11,,7,39,39,0,1,39,4,11,,8,40,40,0,1,40,5
12,8caegdk6,,0,38,37,lottery_game,5,TotalResults,10.189.169.232,2018-04-17 16:09:49.845282+00:00,1,,,189,189.00,jf1jsn1m,,,,,,0,1.0,0.00,12,28,Hombre,Universidad (pregrado),4,1,6,2,7,4,7,1,6,6,7,7,0,1,7,1,12,0,3,10,10,,10,46,46,10,1,46,1,12,0,10,5,5,,5,47,47,5,1,47,2,12,0,9,4,20,,20,48,48,20,1,48,3,12,0,6,1,28,,28,49,49,28,1,49,4,12,1,2,10,35,,0,50,50,0,1,50,5,12,4,7,36,36,42,1,36,1,12,5,6,37,37,50,1,37,2,12,6,2,38,38,-2,1,38,3,12,1,7,39,39,18,1,39,4,12,1,10,40,40,18,1,40,5
13,k17rf2xs,,0,38,37,lottery_game,5,TotalResults,10.95.210.176,2018-04-17 16:15:45.521593+00:00,1,,,160,160.00,jf1jsn1m,,,,,,0,1.0,0.00,13,19,Hombre,Universidad (pregrado),7,6,5,4,5,5,7,1,6,1,7,7,0,1,7,1,13,1,7,3,25,,0,46,46,0,1,46,1,13,0,9,6,10,,10,47,47,10,1,47,2,13,1,1,7,99,,0,48,48,0,1,48,3,13,1,10,2,50,,0,49,49,0,1,49,4,13,1,7,2,75,,0,50,50,0,1,50,5,13,2,1,36,36,14,1,36,1,13,2,7,37,37,26,1,37,2,13,2,9,38,38,26,1,38,3,13,4,10,39,39,42,1,39,4,13,4,6,40,40,42,1,40,5
14,vl8ifaxb,,0,38,37,lottery_game,5,TotalResults,10.51.158.205,2018-04-17 16:17:20.280846+00:00,1,,,164,164.00,jf1jsn1m,,,,,,0,1.0,0.00,14,22,Hombre,Universidad (pregrado),7,5,6,2,6,4,6,3,6,2,7,7,0,1,7,1,14,0,6,4,1,,1,46,46,1,1,46,1,14,0,8,10,25,,25,47,47,25,1,47,2,14,1,3,1,69,,0,48,48,0,1,48,3,14,1,6,1,69,,0,49,49,0,1,49,4,14,1,2,7,69,,0,50,50,0,1,50,5,14,5,6,36,36,50,1,36,1,14,3,5,37,37,10,1,37,2,14,6,4,38,38,-2,1,38,3,14,6,10,39,39,54,1,39,4,14,2,8,40,40,26,1,40,5
15,5q0szuf0,,0,38,37,lottery_game,5,TotalResults,10.102.224.171,2018-04-17 16:14:09.330087+00:00,1,,,85,85.00,jf1jsn1m,,,,,,0,1.0,0.00,15,22,Hombre,Universidad (pregrado),4,2,6,6,6,4,7,4,3,3,7,7,0,1,7,1,15,0,6,10,10,,10,46,46,10,1,46,1,15,0,3,5,18,,18,47,47,18,1,47,2,15,0,4,5,7,,7,48,48,7,1,48,3,15,1,8,8,25,,0,49,49,0,1,49,4,15,1,3,8,94,,0,50,50,0,1,50,5,15,5,2,36,36,2,1,36,1,15,3,1,37,37,10,1,37,2,15,4,7,38,38,42,1,38,3,15,6,3,39,39,-2,1,39,4,15,6,3,40,40,-2,1,40,5
16,252qaloe,,0,0,37,,,,,,0,,,0,0.00,jf1jsn1m,,,,,,0,1.0,0.00,16,,,,,,,,,,,,,,7,7,0,1,7,1,16,,,,,,,46,46,0,1,46,1,16,,,,,,,47,47,0,1,47,2,16,,,,,,,48,48,0,1,48,3,16,,,,,,,49,49,0,1,49,4,16,,,,,,,50,50,0,1,50,5,16,,1,36,36,0,1,36,1,16,,8,37,37,0,1,37,2,16,,4,38,38,0,1,38,3,16,,2,39,39,0,1,39,4,16,,2,40,40,0,1,40,5
17,wofqye5p,,0,38,37,lottery_game,5,TotalResults,10.61.153.83,2018-04-17 16:54:52.520772+00:00,1,,,159,159.00,jf1jsn1m,,,,,,0,1.0,0.00,17,23,Mujer,Universidad (pregrado),6,5,7,3,7,7,7,5,5,1,7,7,0,1,7,1,17,1,4,10,35,,0,46,46,0,1,46,1,17,0,9,7,65,,65,47,47,65,1,47,2,17,1,3,8,99,,0,48,48,0,1,48,3,17,1,9,7,82,,0,49,49,0,1,49,4,17,1,6,3,100,,0,50,50,0,1,50,5,17,3,7,36,36,34,1,36,1,17,1,10,37,37,18,1,37,2,17,3,8,38,38,34,1,38,3,17,3,5,39,39,10,1,39,4,17,6,2,40,40,-2,1,40,5
18,81gah10k,,0,0,37,,,,,,0,,,0,0.00,jf1jsn1m,,,,,,0,1.0,0.00,18,,,,,,,,,,,,,,7,7,0,1,7,1,18,,,,,,,46,46,0,1,46,1,18,,,,,,,47,47,0,1,47,2,18,,,,,,,48,48,0,1,48,3,18,,,,,,,49,49,0,1,49,4,18,,,,,,,50,50,0,1,50,5,18,,10,36,36,0,1,36,1,18,,7,37,37,0,1,37,2,18,,3,38,38,0,1,38,3,18,,7,39,39,0,1,39,4,18,,5,40,40,0,1,40,5
19,72nawc9w,,0,0,37,,,,,,0,,,0,0.00,jf1jsn1m,,,,,,0,1.0,0.00,19,,,,,,,,,,,,,,7,7,0,1,7,1,19,,,,,,,46,46,0,1,46,1,19,,,,,,,47,47,0,1,47,2,19,,,,,,,48,48,0,1,48,3,19,,,,,,,49,49,0,1,49,4,19,,,,,,,50,50,0,1,50,5,19,,10,36,36,0,1,36,1,19,,4,37,37,0,1,37,2,19,,5,38,38,0,1,38,3,19,,5,39,39,0,1,39,4,19,,9,40,40,0,1,40,5
20,nnkv1dq3,,0,0,37,,,,,,0,,,0,0.00,jf1jsn1m,,,,,,0,1.0,0.00,20,,,,,,,,,,,,,,7,7,0,1,7,1,20,,,,,,,46,46,0,1,46,1,20,,,,,,,47,47,0,1,47,2,20,,,,,,,48,48,0,1,48,3,20,,,,,,,49,49,0,1,49,4,20,,,,,,,50,50,0,1,50,5,20,,5,36,36,0,1,36,1,20,,5,37,37,0,1,37,2,20,,6,38,38,0,1,38,3,20,,5,39,39,0,1,39,4,20,,4,40,40,0,1,40,5
21,lsi65x4y,,0,0,37,,,,,,0,,,0,0.00,jf1jsn1m,,,,,,0,1.0,0.00,21,,,,,,,,,,,,,,7,7,0,1,7,1,21,,,,,,,46,46,0,1,46,1,21,,,,,,,47,47,0,1,47,2,21,,,,,,,48,48,0,1,48,3,21,,,,,,,49,49,0,1,49,4,21,,,,,,,50,50,0,1,50,5,21,,8,36,36,0,1,36,1,21,,2,37,37,0,1,37,2,21,,10,38,38,0,1,38,3,21,,2,39,39,0,1,39,4,21,,2,40,40,0,1,40,5
22,8y8i7712,,0,0,37,,,,,,0,,,0,0.00,jf1jsn1m,,,,,,0,1.0,0.00,22,,,,,,,,,,,,,,7,7,0,1,7,1,22,,,,,,,46,46,0,1,46,1,22,,,,,,,47,47,0,1,47,2,22,,,,,,,48,48,0,1,48,3,22,,,,,,,49,49,0,1,49,4,22,,,,,,,50,50,0,1,50,5,22,,6,36,36,0,1,36,1,22,,4,37,37,0,1,37,2,22,,8,38,38,0,1,38,3,22,,5,39,39,0,1,39,4,22,,1,40,40,0,1,40,5
23,71599n52,,0,0,37,,,,,,0,,,0,0.00,jf1jsn1m,,,,,,0,1.0,0.00,23,,,,,,,,,,,,,,7,7,0,1,7,1,23,,,,,,,46,46,0,1,46,1,23,,,,,,,47,47,0,1,47,2,23,,,,,,,48,48,0,1,48,3,23,,,,,,,49,49,0,1,49,4,23,,,,,,,50,50,0,1,50,5,23,,5,36,36,0,1,36,1,23,,4,37,37,0,1,37,2,23,,10,38,38,0,1,38,3,23,,10,39,39,0,1,39,4,23,,9,40,40,0,1,40,5
24,t0a1i5h2,,0,0,37,,,,,,0,,,0,0.00,jf1jsn1m,,,,,,0,1.0,0.00,24,,,,,,,,,,,,,,7,7,0,1,7,1,24,,,,,,,46,46,0,1,46,1,24,,,,,,,47,47,0,1,47,2,24,,,,,,,48,48,0,1,48,3,24,,,,,,,49,49,0,1,49,4,24,,,,,,,50,50,0,1,50,5,24,,7,36,36,0,1,36,1,24,,5,37,37,0,1,37,2,24,,5,38,38,0,1,38,3,24,,6,39,39,0,1,39,4,24,,10,40,40,0,1,40,5
25,xdj9iwl9,,0,38,37,lottery_game,5,TotalResults,10.9.223.58,2018-04-17 16:24:15.199001+00:00,1,,,140,140.00,jf1jsn1m,,,,,,0,1.0,0.00,25,22,Mujer,Universidad (pregrado),6,3,5,3,7,3,5,3,3,3,7,7,0,1,7,1,25,1,6,10,36,,0,46,46,0,1,46,1,25,1,3,8,90,,0,47,47,0,1,47,2,25,1,3,6,56,,0,48,48,0,1,48,3,25,1,3,6,56,,0,49,49,0,1,49,4,25,0,4,6,42,,42,50,50,42,1,50,5,25,4,2,36,36,6,1,36,1,25,3,4,37,37,10,1,37,2,25,1,4,38,38,18,1,38,3,25,2,1,39,39,14,1,39,4,25,5,7,40,40,50,1,40,5
26,xxmif7as,,0,38,37,lottery_game,5,TotalResults,10.67.237.54,2018-04-17 02:49:26.003503+00:00,1,,,318,318.00,jf1jsn1m,,,,,,0,1.0,0.00,26,26,Hombre,Universidad (pregrado),4,2,4,5,6,4,5,3,6,1,7,7,0,1,7,1,26,0,1,9,45,,45,46,46,45,1,46,1,26,1,6,9,45,,0,47,47,0,1,47,2,26,0,7,1,45,,45,48,48,45,1,48,3,26,0,6,9,45,,45,49,49,45,1,49,4,26,0,2,9,45,,45,50,50,45,1,50,5,26,4,1,36,36,6,1,36,1,26,4,9,37,37,42,1,37,2,26,4,6,38,38,42,1,38,3,26,4,7,39,39,42,1,39,4,26,4,4,40,40,6,1,40,5
27,egozg6gp,,0,38,37,lottery_game,5,TotalResults,10.30.65.228,2018-04-17 03:54:06.005852+00:00,1,,,151,151.00,jf1jsn1m,,,,,,0,1.0,0.00,27,27,Mujer,Universidad (pregrado),5,5,6,7,7,7,7,1,7,1,7,7,0,1,7,1,27,0,5,2,20,,20,46,46,20,1,46,1,27,1,9,7,50,,0,47,47,0,1,47,2,27,0,10,2,45,,45,48,48,45,1,48,3,27,1,5,1,56,,0,49,49,0,1,49,4,27,1,6,3,52,,0,50,50,0,1,50,5,27,3,2,36,36,10,1,36,1,27,3,3,37,37,10,1,37,2,27,1,2,38,38,18,1,38,3,27,4,9,39,39,42,1,39,4,27,4,3,40,40,6,1,40,5
28,9sv6he7u,,0,38,37,lottery_game,5,TotalResults,10.146.236.85,2018-04-17 04:00:09.806670+00:00,1,,,274,274.00,jf1jsn1m,,,,,,0,1.0,0.00,28,27,Hombre,Universidad (pregrado),6,7,6,2,6,6,5,2,7,2,7,7,0,1,7,1,28,1,5,9,50,,0,46,46,0,1,46,1,28,1,6,7,75,,0,47,47,0,1,47,2,28,0,4,5,60,,60,48,48,60,1,48,3,28,1,1,2,80,,0,49,49,0,1,49,4,28,1,8,10,40,,0,50,50,0,1,50,5,28,6,9,36,36,54,1,36,1,28,6,2,37,37,-2,1,37,2,28,6,6,38,38,54,1,38,3,28,6,7,39,39,54,1,39,4,28,6,6,40,40,54,1,40,5
29,yjnpv0jj,,0,38,37,lottery_game,5,TotalResults,10.33.195.131,2018-04-17 04:37:29.052364+00:00,1,,,206,206.00,jf1jsn1m,,,,,,0,1.0,0.00,29,33,Hombre,Postgrado,1,2,1,3,2,2,1,3,2,2,7,7,0,1,7,1,29,1,2,3,38,,0,46,46,0,1,46,1,29,1,6,2,100,,0,47,47,0,1,47,2,29,1,4,1,90,,0,48,48,0,1,48,3,29,1,2,6,90,,0,49,49,0,1,49,4,29,1,1,8,95,,0,50,50,0,1,50,5,29,5,9,36,36,50,1,36,1,29,5,9,37,37,50,1,37,2,29,5,6,38,38,50,1,38,3,29,4,5,39,39,6,1,39,4,29,5,8,40,40,50,1,40,5
30,9yx2gtab,,0,38,37,lottery_game,5,TotalResults,10.5.186.67,2018-04-17 15:55:05.010236+00:00,1,,,276,276.00,jf1jsn1m,,,,,,0,1.0,0.00,30,29,Hombre,Postgrado,4,6,5,4,6,3,7,3,5,3,7,7,0,1,7,1,30,0,3,5,75,,75,46,46,75,1,46,1,30,0,3,7,15,,15,47,47,15,1,47,2,30,0,7,6,80,,80,48,48,80,1,48,3,30,1,5,7,95,,0,49,49,0,1,49,4,30,1,2,2,99,,0,50,50,0,1,50,5,30,4,6,36,36,42,1,36,1,30,4,2,37,37,6,1,37,2,30,4,7,38,38,42,1,38,3,30,1,1,39,39,18,1,39,4,30,6,3,40,40,-2,1,40,5
31,9f6tyebu,,0,38,37,lottery_game,5,TotalResults,10.11.169.30,2018-04-17 16:09:28.262129+00:00,1,,,118,118.00,jf1jsn1m,,,,,,0,1.0,0.00,31,31,Hombre,Postgrado,7,1,6,2,7,1,7,1,6,2,7,7,0,1,7,1,31,0,1,5,10,,10,46,46,10,1,46,1,31,0,3,1,12,,12,47,47,12,1,47,2,31,0,6,2,8,,8,48,48,8,1,48,3,31,0,4,1,14,,14,49,49,14,1,49,4,31,0,1,3,12,,12,50,50,12,1,50,5,31,4,2,36,36,6,1,36,1,31,6,7,37,37,54,1,37,2,31,5,4,38,38,2,1,38,3,31,5,5,39,39,2,1,39,4,31,6,2,40,40,-2,1,40,5
32,ocey9af2,,0,38,37,lottery_game,5,TotalResults,10.151.195.140,2018-04-17 16:13:00.131314+00:00,1,,,176,176.00,jf1jsn1m,,,,,,0,1.0,0.00,32,26,Mujer,Postgrado,5,2,6,5,6,5,7,5,6,4,7,7,0,1,7,1,32,0,1,7,20,,20,46,46,20,1,46,1,32,0,7,1,25,,25,47,47,25,1,47,2,32,1,1,6,25,,0,48,48,0,1,48,3,32,1,5,1,25,,0,49,49,0,1,49,4,32,0,9,3,25,,25,50,50,25,1,50,5,32,5,1,36,36,2,1,36,1,32,5,4,37,37,2,1,37,2,32,5,1,38,38,2,1,38,3,32,5,8,39,39,50,1,39,4,32,5,8,40,40,50,1,40,5
33,tvfzdj40,,0,38,37,lottery_game,5,TotalResults,10.181.55.151,2018-04-17 16:14:03.701616+00:00,1,,,282,282.00,jf1jsn1m,,,,,,0,1.0,0.00,33,27,Mujer,Universidad (pregrado),2,6,7,5,6,7,6,1,7,4,7,7,0,1,7,1,33,1,7,5,50,,0,46,46,0,1,46,1,33,1,8,5,50,,0,47,47,0,1,47,2,33,0,10,1,40,,40,48,48,40,1,48,3,33,0,1,10,40,,40,49,49,40,1,49,4,33,1,7,10,50,,0,50,50,0,1,50,5,33,5,10,36,36,50,1,36,1,33,5,10,37,37,50,1,37,2,33,5,10,38,38,50,1,38,3,33,5,4,39,39,2,1,39,4,33,5,10,40,40,50,1,40,5
34,l5voouxc,,0,38,37,lottery_game,5,TotalResults,10.5.201.154,2018-04-17 16:16:31.367120+00:00,1,,,216,216.00,jf1jsn1m,,,,,,0,1.0,0.00,34,29,Mujer,Postgrado,6,4,6,5,6,4,6,2,6,2,7,7,0,1,7,1,34,0,4,3,21,,21,46,46,21,1,46,1,34,0,9,6,35,,35,47,47,35,1,47,2,34,0,4,3,50,,50,48,48,50,1,48,3,34,1,10,10,45,,0,49,49,0,1,49,4,34,1,6,9,90,,0,50,50,0,1,50,5,34,2,7,36,36,26,1,36,1,34,5,8,37,37,50,1,37,2,34,1,7,38,38,18,1,38,3,34,3,3,39,39,10,1,39,4,34,4,2,40,40,6,1,40,5
35,ndt4k38x,,0,38,37,lottery_game,5,TotalResults,10.13.219.114,2018-04-17 16:19:28.287949+00:00,1,,,283,283.00,jf1jsn1m,,,,,,0,1.0,0.00,35,24,Mujer,Universidad (pregrado),4,5,6,2,7,5,6,2,4,6,7,7,0,1,7,1,35,1,2,2,10,,0,46,46,0,1,46,1,35,0,7,5,5,,5,47,47,5,1,47,2,35,0,5,6,16,,16,48,48,16,1,48,3,35,0,2,7,45,,45,49,49,45,1,49,4,35,0,6,9,35,,35,50,50,35,1,50,5,35,3,9,36,36,34,1,36,1,35,4,9,37,37,42,1,37,2,35,5,5,38,38,2,1,38,3,35,6,6,39,39,54,1,39,4,35,5,10,40,40,50,1,40,5
36,nqs3tlmo,,0,38,37,lottery_game,5,TotalResults,10.9.144.211,2018-04-17 16:21:49.695899+00:00,1,,,98,98.00,jf1jsn1m,,,,,,0,1.0,0.00,36,29,Hombre,Postgrado,7,2,7,6,5,7,7,5,7,5,7,7,0,1,7,1,36,1,2,3,56,,0,46,46,0,1,46,1,36,0,4,2,20,,20,47,47,20,1,47,2,36,1,3,9,48,,0,48,48,0,1,48,3,36,1,10,8,35,,0,49,49,0,1,49,4,36,1,4,8,88,,0,50,50,0,1,50,5,36,3,2,36,36,10,1,36,1,36,3,3,37,37,10,1,37,2,36,3,6,38,38,34,1,38,3,36,1,10,39,39,18,1,39,4,36,4,1,40,40,6,1,40,5
37,0x9a8xqm,,0,38,37,lottery_game,5,TotalResults,10.189.169.232,2018-04-17 16:25:56.177791+00:00,1,,,218,218.00,jf1jsn1m,,,,,,0,1.0,0.00,37,26,Mujer,Universidad (pregrado),7,1,6,5,5,1,7,1,6,1,7,7,0,1,7,1,37,0,3,5,17,,17,46,46,17,1,46,1,37,0,7,9,23,,23,47,47,23,1,47,2,37,1,5,10,25,,0,48,48,0,1,48,3,37,0,2,4,32,,32,49,49,32,1,49,4,37,1,2,7,100,,0,50,50,0,1,50,5,37,4,6,36,36,42,1,36,1,37,3,10,37,37,34,1,37,2,37,5,3,38,38,2,1,38,3,37,2,7,39,39,26,1,39,4,37,4,7,40,40,42,1,40,5
38,jky831m1,,0,38,37,lottery_game,5,TotalResults,10.79.192.24,2018-04-17 16:27:13.696148+00:00,1,,,150,150.00,jf1jsn1m,,,,,,0,1.0,0.00,38,25,Hombre,Postgrado,5,6,6,5,7,4,7,2,5,2,7,7,0,1,7,1,38,1,2,1,75,,0,46,46,0,1,46,1,38,1,7,5,75,,0,47,47,0,1,47,2,38,0,7,4,0,,0,48,48,0,1,48,3,38,1,2,7,75,,0,49,49,0,1,49,4,38,1,7,6,75,,0,50,50,0,1,50,5,38,4,3,36,36,6,1,36,1,38,5,8,37,37,50,1,37,2,38,4,6,38,38,42,1,38,3,38,5,4,39,39,2,1,39,4,38,5,6,40,40,50,1,40,5
39,7foo33ib,,0,38,37,lottery_game,5,TotalResults,10.37.194.195,2018-04-17 16:29:30.920816+00:00,1,,,256,256.00,jf1jsn1m,,,,,,0,1.0,0.00,39,27,Mujer,Universidad (pregrado),6,3,7,4,5,6,7,1,7,4,7,7,0,1,7,1,39,0,8,4,5,,5,46,46,5,1,46,1,39,0,2,8,5,,5,47,47,5,1,47,2,39,0,8,6,30,,30,48,48,30,1,48,3,39,0,10,4,60,,60,49,49,60,1,49,4,39,0,5,7,50,,50,50,50,50,1,50,5,39,4,8,36,36,42,1,36,1,39,5,4,37,37,2,1,37,2,39,6,7,38,38,54,1,38,3,39,3,5,39,39,10,1,39,4,39,6,4,40,40,-2,1,40,5
40,qrcubj3u,,0,38,37,lottery_game,5,TotalResults,10.91.166.137,2018-04-17 16:31:53.756319+00:00,1,,,324,324.00,jf1jsn1m,,,,,,0,1.0,0.00,40,29,Hombre,Universidad (pregrado),5,1,6,5,6,7,6,2,6,2,7,7,0,1,7,1,40,1,2,5,20,,0,46,46,0,1,46,1,40,0,4,2,50,,50,47,47,50,1,47,2,40,0,10,3,30,,30,48,48,30,1,48,3,40,0,5,8,60,,60,49,49,60,1,49,4,40,0,8,7,70,,70,50,50,70,1,50,5,40,3,5,36,36,10,1,36,1,40,5,2,37,37,2,1,37,2,40,5,6,38,38,50,1,38,3,40,5,4,39,39,2,1,39,4,40,5,8,40,40,50,1,40,5
41,vnk8g05s,,0,1,37,ingreso_datos,1,datos_personales,10.5.234.21,2018-04-17 16:35:05.741012+00:00,1,,,0,0.00,jf1jsn1m,,,,,,0,1.0,0.00,41,,,,,,,,,,,,,,7,7,0,1,7,1,41,,,,,,,46,46,0,1,46,1,41,,,,,,,47,47,0,1,47,2,41,,,,,,,48,48,0,1,48,3,41,,,,,,,49,49,0,1,49,4,41,,,,,,,50,50,0,1,50,5,41,,4,36,36,0,1,36,1,41,,8,37,37,0,1,37,2,41,,8,38,38,0,1,38,3,41,,9,39,39,0,1,39,4,41,,6,40,40,0,1,40,5
42,2tt0q1d4,,0,10,37,bret,3,Decision,10.101.219.132,2018-04-17 17:02:01.506589+00:00,1,,,50,50.00,jf1jsn1m,,,,,,0,1.0,0.00,42,25,Mujer,Universidad (pregrado),7,3,5,1,6,4,6,3,4,4,7,7,0,1,7,1,42,1,4,4,50,,0,46,46,0,1,46,1,42,0,10,3,50,,50,47,47,50,1,47,2,42,,,,,,,48,48,0,1,48,3,42,,,,,,,49,49,0,1,49,4,42,,,,,,,50,50,0,1,50,5,42,,1,36,36,0,1,36,1,42,,3,37,37,0,1,37,2,42,,4,38,38,0,1,38,3,42,,7,39,39,0,1,39,4,42,,8,40,40,0,1,40,5
43,n1d1ohue,,0,38,37,lottery_game,5,TotalResults,10.101.219.132,2018-04-17 17:02:47.464028+00:00,1,,,234,234.00,jf1jsn1m,,,,,,0,1.0,0.00,43,25,Hombre,Postgrado,6,1,6,4,6,5,5,1,6,5,7,7,0,1,7,1,43,0,9,9,80,,80,46,46,80,1,46,1,43,1,2,3,85,,0,47,47,0,1,47,2,43,1,8,10,85,,0,48,48,0,1,48,3,43,1,10,8,80,,0,49,49,0,1,49,4,43,1,9,1,70,,0,50,50,0,1,50,5,43,5,4,36,36,2,1,36,1,43,5,2,37,37,2,1,37,2,43,5,9,38,38,50,1,38,3,43,5,9,39,39,50,1,39,4,43,5,8,40,40,50,1,40,5
44,51c1ojvy,,0,38,37,lottery_game,5,TotalResults,10.79.228.240,2018-04-17 17:06:20.128290+00:00,1,,,168,168.00,jf1jsn1m,,,,,,0,1.0,0.00,44,27,Mujer,Universidad (pregrado),3,6,7,5,6,7,6,1,7,4,7,7,0,1,7,1,44,0,3,3,1,,1,46,46,1,1,46,1,44,0,6,9,9,,9,47,47,9,1,47,2,44,1,6,7,99,,0,48,48,0,1,48,3,44,0,6,8,10,,10,49,49,10,1,49,4,44,0,7,1,2,,2,50,50,2,1,50,5,44,3,9,36,36,34,1,36,1,44,2,8,37,37,26,1,37,2,44,3,2,38,38,10,1,38,3,44,4,10,39,39,42,1,39,4,44,3,7,40,40,34,1,40,5
45,sg5rr2qn,,0,38,37,lottery_game,5,TotalResults,10.146.236.85,2018-04-17 17:42:07.952466+00:00,1,,,118,118.00,jf1jsn1m,,,,,,0,1.0,0.00,45,24,Mujer,Universidad (pregrado),7,2,6,2,5,6,6,1,5,2,7,7,0,1,7,1,45,0,3,6,20,,20,46,46,20,1,46,1,45,0,10,7,9,,9,47,47,9,1,47,2,45,0,4,4,15,,15,48,48,15,1,48,3,45,0,4,8,7,,7,49,49,7,1,49,4,45,0,1,9,9,,9,50,50,9,1,50,5,45,3,3,36,36,10,1,36,1,45,2,2,37,37,14,1,37,2,45,5,4,38,38,2,1,38,3,45,1,6,39,39,18,1,39,4,45,2,2,40,40,14,1,40,5
46,j1v54j05,,0,38,37,lottery_game,5,TotalResults,10.9.233.102,2018-04-17 18:00:54.600800+00:00,1,,,236,236.00,jf1jsn1m,,,,,,0,1.0,0.00,46,26,Mujer,Universidad (pregrado),6,1,6,2,6,4,7,1,6,2,7,7,0,1,7,1,46,0,8,7,60,,60,46,46,60,1,46,1,46,1,9,7,60,,0,47,47,0,1,47,2,46,0,6,4,50,,50,48,48,50,1,48,3,46,1,9,10,69,,0,49,49,0,1,49,4,46,1,4,2,40,,0,50,50,0,1,50,5,46,3,8,36,36,34,1,36,1,46,2,6,37,37,26,1,37,2,46,2,1,38,38,14,1,38,3,46,1,4,39,39,18,1,39,4,46,3,10,40,40,34,1,40,5
47,gw44jorg,,0,0,37,,,,,,0,,,0,0.00,jf1jsn1m,,,,,,0,1.0,0.00,47,,,,,,,,,,,,,,7,7,0,1,7,1,47,,,,,,,46,46,0,1,46,1,47,,,,,,,47,47,0,1,47,2,47,,,,,,,48,48,0,1,48,3,47,,,,,,,49,49,0,1,49,4,47,,,,,,,50,50,0,1,50,5,47,,2,36,36,0,1,36,1,47,,6,37,37,0,1,37,2,47,,4,38,38,0,1,38,3,47,,5,39,39,0,1,39,4,47,,4,40,40,0,1,40,5
48,b3wbt6c8,,0,0,37,,,,,,0,,,0,0.00,jf1jsn1m,,,,,,0,1.0,0.00,48,,,,,,,,,,,,,,7,7,0,1,7,1,48,,,,,,,46,46,0,1,46,1,48,,,,,,,47,47,0,1,47,2,48,,,,,,,48,48,0,1,48,3,48,,,,,,,49,49,0,1,49,4,48,,,,,,,50,50,0,1,50,5,48,,2,36,36,0,1,36,1,48,,6,37,37,0,1,37,2,48,,1,38,38,0,1,38,3,48,,1,39,39,0,1,39,4,48,,4,40,40,0,1,40,5
49,gf6n0qba,,0,38,37,lottery_game,5,TotalResults,10.101.153.165,2018-04-17 18:16:02.004805+00:00,1,,,202,202.00,jf1jsn1m,,,,,,0,1.0,0.00,49,23,Mujer,Universidad (pregrado),6,3,7,2,7,3,7,1,7,1,7,7,0,1,7,1,49,0,4,6,7,,7,46,46,7,1,46,1,49,0,8,7,12,,12,47,47,12,1,47,2,49,0,3,6,17,,17,48,48,17,1,48,3,49,0,1,10,27,,27,49,49,27,1,49,4,49,0,9,6,37,,37,50,50,37,1,50,5,49,2,6,36,36,26,1,36,1,49,4,5,37,37,6,1,37,2,49,1,3,38,38,18,1,38,3,49,2,6,39,39,26,1,39,4,49,2,8,40,40,26,1,40,5
50,su7uvrd7,,0,38,37,lottery_game,5,TotalResults,10.158.185.56,2018-04-17 18:07:11.419321+00:00,1,,,192,192.00,jf1jsn1m,,,,,,0,1.0,0.00,50,27,Mujer,Universidad (pregrado),6,3,7,3,6,5,7,2,7,2,7,7,0,1,7,1,50,1,6,7,80,,0,46,46,0,1,46,1,50,1,2,1,70,,0,47,47,0,1,47,2,50,0,3,6,50,,50,48,48,50,1,48,3,50,1,9,10,50,,0,49,49,0,1,49,4,50,1,2,1,99,,0,50,50,0,1,50,5,50,3,4,36,36,10,1,36,1,50,1,9,37,37,18,1,37,2,50,6,6,38,38,54,1,38,3,50,4,5,39,39,6,1,39,4,50,6,9,40,40,54,1,40,5
51,t3jmwfqu,,0,38,37,lottery_game,5,TotalResults,10.67.237.54,2018-04-17 15:43:48.146956+00:00,1,,,113,113.00,jf1jsn1m,,,,,,0,1.0,0.00,51,29,Mujer,Universidad (pregrado),6,1,7,2,6,5,7,2,6,2,7,7,0,1,7,1,51,1,1,8,10,,0,46,46,0,1,46,1,51,0,4,8,5,,5,47,47,5,1,47,2,51,0,4,6,5,,5,48,48,5,1,48,3,51,0,8,1,4,,4,49,49,4,1,49,4,51,0,2,3,5,,5,50,50,5,1,50,5,51,6,10,36,36,54,1,36,1,51,1,3,37,37,18,1,37,2,51,6,2,38,38,-2,1,38,3,51,2,7,39,39,26,1,39,4,51,6,5,40,40,-2,1,40,5
52,h4a30d3w,,0,38,37,lottery_game,5,TotalResults,10.69.201.228,2018-04-17 15:49:39.019677+00:00,1,,,332,332.00,jf1jsn1m,,,,,,0,1.0,0.00,52,28,Mujer,Postgrado,5,4,7,5,4,7,7,1,7,4,7,7,0,1,7,1,52,0,2,10,50,,50,46,46,50,1,46,1,52,0,10,7,60,,60,47,47,60,1,47,2,52,0,7,4,40,,40,48,48,40,1,48,3,52,0,7,2,50,,50,49,49,50,1,49,4,52,0,2,1,30,,30,50,50,30,1,50,5,52,4,7,36,36,42,1,36,1,52,5,4,37,37,2,1,37,2,52,3,6,38,38,34,1,38,3,52,4,5,39,39,6,1,39,4,52,1,6,40,40,18,1,40,5
53,tpd2p2gv,,0,2,37,ingreso_datos,1,soft_skills,10.11.176.95,2018-04-17 17:15:39.702281+00:00,1,,,0,0.00,jf1jsn1m,,,,,,0,1.0,0.00,53,31,Mujer,Postgrado,,,,,,,,,,,7,7,0,1,7,1,53,,,,,,,46,46,0,1,46,1,53,,,,,,,47,47,0,1,47,2,53,,,,,,,48,48,0,1,48,3,53,,,,,,,49,49,0,1,49,4,53,,,,,,,50,50,0,1,50,5,53,,6,36,36,0,1,36,1,53,,4,37,37,0,1,37,2,53,,7,38,38,0,1,38,3,53,,10,39,39,0,1,39,4,53,,2,40,40,0,1,40,5
54,lf32nagc,,0,38,37,lottery_game,5,TotalResults,10.146.232.248,2018-04-17 15:56:36.476301+00:00,1,,,324,324.00,jf1jsn1m,,,,,,0,1.0,0.00,54,27,Hombre,Universidad (pregrado),7,3,6,2,6,4,7,3,7,3,7,7,0,1,7,1,54,0,2,4,50,,50,46,46,50,1,46,1,54,1,2,1,50,,0,47,47,0,1,47,2,54,0,6,3,27,,27,48,48,27,1,48,3,54,0,3,8,37,,37,49,49,37,1,49,4,54,1,2,6,69,,0,50,50,0,1,50,5,54,5,3,36,36,2,1,36,1,54,6,10,37,37,54,1,37,2,54,5,9,38,38,50,1,38,3,54,6,10,39,39,54,1,39,4,54,5,9,40,40,50,1,40,5
55,yxbznqni,,0,38,37,lottery_game,5,TotalResults,10.101.219.132,2018-04-17 16:47:42.144522+00:00,1,,,114,114.00,jf1jsn1m,,,,,,0,1.0,0.00,55,26,Hombre,Universidad (pregrado),6,7,7,7,7,5,5,4,7,4,7,7,0,1,7,1,55,1,1,10,70,,0,46,46,0,1,46,1,55,1,8,1,80,,0,47,47,0,1,47,2,55,1,2,3,80,,0,48,48,0,1,48,3,55,1,10,2,90,,0,49,49,0,1,49,4,55,1,2,10,90,,0,50,50,0,1,50,5,55,6,9,36,36,54,1,36,1,55,6,1,37,37,-2,1,37,2,55,6,9,38,38,54,1,38,3,55,6,3,39,39,-2,1,39,4,55,3,2,40,40,10,1,40,5
56,1njfzrki,,0,7,37,bret,2,Decision,10.13.221.137,2018-04-17 17:54:04.685958+00:00,1,,,4,4.00,jf1jsn1m,,,,,,0,1.0,0.00,56,26,Mujer,Universidad (pregrado),6,2,6,3,6,6,7,3,4,4,7,7,0,1,7,1,56,0,10,6,4,,4,46,46,4,1,46,1,56,,,,,,,47,47,0,1,47,2,56,,,,,,,48,48,0,1,48,3,56,,,,,,,49,49,0,1,49,4,56,,,,,,,50,50,0,1,50,5,56,,1,36,36,0,1,36,1,56,,1,37,37,0,1,37,2,56,,8,38,38,0,1,38,3,56,,3,39,39,0,1,39,4,56,,8,40,40,0,1,40,5
57,c1r8uxj1,,0,1,37,ingreso_datos,1,datos_personales,10.41.238.100,2018-04-17 16:26:56.430498+00:00,1,,,0,0.00,jf1jsn1m,,,,,,0,1.0,0.00,57,,,,,,,,,,,,,,7,7,0,1,7,1,57,,,,,,,46,46,0,1,46,1,57,,,,,,,47,47,0,1,47,2,57,,,,,,,48,48,0,1,48,3,57,,,,,,,49,49,0,1,49,4,57,,,,,,,50,50,0,1,50,5,57,,9,36,36,0,1,36,1,57,,7,37,37,0,1,37,2,57,,4,38,38,0,1,38,3,57,,1,39,39,0,1,39,4,57,,1,40,40,0,1,40,5
58,oi1urp8s,,0,38,37,lottery_game,5,TotalResults,10.41.164.211,2018-04-17 16:34:27.775653+00:00,1,,,136,136.00,jf1jsn1m,,,,,,0,1.0,0.00,58,27,Mujer,Universidad (pregrado),7,1,7,1,7,7,7,4,7,1,7,7,0,1,7,1,58,0,9,6,74,,74,46,46,74,1,46,1,58,1,8,8,66,,0,47,47,0,1,47,2,58,1,9,7,60,,0,48,48,0,1,48,3,58,1,9,9,70,,0,49,49,0,1,49,4,58,1,3,6,64,,0,50,50,0,1,50,5,58,4,2,36,36,6,1,36,1,58,3,3,37,37,10,1,37,2,58,4,1,38,38,6,1,38,3,58,2,9,39,39,26,1,39,4,58,2,2,40,40,14,1,40,5
59,yibuvd30,,0,38,37,lottery_game,5,TotalResults,10.33.225.156,2018-04-17 16:35:19.892705+00:00,1,,,213,213.00,jf1jsn1m,,,,,,0,1.0,0.00,59,28,Mujer,Postgrado,6,1,6,6,7,5,7,5,6,1,7,7,0,1,7,1,59,0,8,7,3,,3,46,46,3,1,46,1,59,0,3,4,6,,6,47,47,6,1,47,2,59,0,7,10,1,,1,48,48,1,1,48,3,59,0,4,10,33,,33,49,49,33,1,49,4,59,1,4,1,53,,0,50,50,0,1,50,5,59,4,1,36,36,6,1,36,1,59,3,2,37,37,10,1,37,2,59,5,6,38,38,50,1,38,3,59,5,9,39,39,50,1,39,4,59,6,10,40,40,54,1,40,5
60,ukhwezx1,,0,1,37,ingreso_datos,1,datos_personales,10.43.138.228,2018-04-17 16:39:32.924300+00:00,1,,,0,0.00,jf1jsn1m,,,,,,0,1.0,0.00,60,,,,,,,,,,,,,,7,7,0,1,7,1,60,,,,,,,46,46,0,1,46,1,60,,,,,,,47,47,0,1,47,2,60,,,,,,,48,48,0,1,48,3,60,,,,,,,49,49,0,1,49,4,60,,,,,,,50,50,0,1,50,5,60,,5,36,36,0,1,36,1,60,,3,37,37,0,1,37,2,60,,5,38,38,0,1,38,3,60,,6,39,39,0,1,39,4,60,,8,40,40,0,1,40,5
61,m3cqysf7,,0,10,37,bret,3,Decision,10.11.239.176,2018-04-17 16:45:14.634212+00:00,1,,,25,25.00,jf1jsn1m,,,,,,0,1.0,0.00,61,34,Hombre,Universidad (pregrado),5,4,7,6,7,6,6,4,6,4,7,7,0,1,7,1,61,1,6,5,25,,0,46,46,0,1,46,1,61,0,2,8,25,,25,47,47,25,1,47,2,61,,,,,,,48,48,0,1,48,3,61,,,,,,,49,49,0,1,49,4,61,,,,,,,50,50,0,1,50,5,61,,10,36,36,0,1,36,1,61,,9,37,37,0,1,37,2,61,,8,38,38,0,1,38,3,61,,10,39,39,0,1,39,4,61,,10,40,40,0,1,40,5
62,s6hilrth,,0,0,37,,,,,,0,,,0,0.00,jf1jsn1m,,,,,,0,1.0,0.00,62,,,,,,,,,,,,,,7,7,0,1,7,1,62,,,,,,,46,46,0,1,46,1,62,,,,,,,47,47,0,1,47,2,62,,,,,,,48,48,0,1,48,3,62,,,,,,,49,49,0,1,49,4,62,,,,,,,50,50,0,1,50,5,62,,1,36,36,0,1,36,1,62,,5,37,37,0,1,37,2,62,,3,38,38,0,1,38,3,62,,5,39,39,0,1,39,4,62,,10,40,40,0,1,40,5
63,jpbgthgt,,0,0,37,,,,,,0,,,0,0.00,jf1jsn1m,,,,,,0,1.0,0.00,63,,,,,,,,,,,,,,7,7,0,1,7,1,63,,,,,,,46,46,0,1,46,1,63,,,,,,,47,47,0,1,47,2,63,,,,,,,48,48,0,1,48,3,63,,,,,,,49,49,0,1,49,4,63,,,,,,,50,50,0,1,50,5,63,,2,36,36,0,1,36,1,63,,8,37,37,0,1,37,2,63,,4,38,38,0,1,38,3,63,,2,39,39,0,1,39,4,63,,6,40,40,0,1,40,5
64,ja65zklg,,0,38,37,lottery_game,5,TotalResults,10.43.138.228,2018-04-17 17:22:36.539844+00:00,1,,,86,86.00,jf1jsn1m,,,,,,0,1.0,0.00,64,23,Hombre,Universidad (pregrado),7,3,7,2,7,7,7,3,6,2,7,7,0,1,7,1,64,1,6,10,3,,0,46,46,0,1,46,1,64,1,6,3,24,,0,47,47,0,1,47,2,64,1,1,5,70,,0,48,48,0,1,48,3,64,1,1,1,78,,0,49,49,0,1,49,4,64,1,7,6,35,,0,50,50,0,1,50,5,64,4,3,36,36,6,1,36,1,64,5,7,37,37,50,1,37,2,64,6,5,38,38,-2,1,38,3,64,1,5,39,39,18,1,39,4,64,2,2,40,40,14,1,40,5
65,r5id7fzj,,0,38,37,lottery_game,5,TotalResults,10.11.176.95,2018-04-17 21:14:28.146058+00:00,1,,,322,322.00,jf1jsn1m,,,,,,0,1.0,0.00,65,27,Mujer,Universidad (pregrado),3,4,5,2,5,5,5,3,5,4,7,7,0,1,7,1,65,0,6,9,65,,65,46,46,65,1,46,1,65,1,5,6,70,,0,47,47,0,1,47,2,65,0,9,9,66,,66,48,48,66,1,48,3,65,1,9,2,67,,0,49,49,0,1,49,4,65,0,1,8,65,,65,50,50,65,1,50,5,65,3,1,36,36,10,1,36,1,65,2,10,37,37,26,1,37,2,65,4,9,38,38,42,1,38,3,65,2,4,39,39,14,1,39,4,65,3,9,40,40,34,1,40,5
66,k9osr84t,,0,0,37,,,,,,0,,,0,0.00,jf1jsn1m,,,,,,0,1.0,0.00,66,,,,,,,,,,,,,,7,7,0,1,7,1,66,,,,,,,46,46,0,1,46,1,66,,,,,,,47,47,0,1,47,2,66,,,,,,,48,48,0,1,48,3,66,,,,,,,49,49,0,1,49,4,66,,,,,,,50,50,0,1,50,5,66,,1,36,36,0,1,36,1,66,,10,37,37,0,1,37,2,66,,1,38,38,0,1,38,3,66,,6,39,39,0,1,39,4,66,,4,40,40,0,1,40,5
67,acfy7agl,,0,0,37,,,,,,0,,,0,0.00,jf1jsn1m,,,,,,0,1.0,0.00,67,,,,,,,,,,,,,,7,7,0,1,7,1,67,,,,,,,46,46,0,1,46,1,67,,,,,,,47,47,0,1,47,2,67,,,,,,,48,48,0,1,48,3,67,,,,,,,49,49,0,1,49,4,67,,,,,,,50,50,0,1,50,5,67,,9,36,36,0,1,36,1,67,,10,37,37,0,1,37,2,67,,4,38,38,0,1,38,3,67,,5,39,39,0,1,39,4,67,,8,40,40,0,1,40,5
68,rf0ip8aw,,0,38,37,lottery_game,5,TotalResults,10.180.135.155,2018-04-18 05:09:05.834040+00:00,1,,,316,316.00,jf1jsn1m,,,,,,0,1.0,0.00,68,30,Mujer,Universidad (pregrado),5,3,5,3,6,6,6,3,5,3,7,7,0,1,7,1,68,1,8,3,60,,0,46,46,0,1,46,1,68,0,7,2,50,,50,47,47,50,1,47,2,68,1,2,7,55,,0,48,48,0,1,48,3,68,0,2,9,50,,50,49,49,50,1,49,4,68,0,8,2,50,,50,50,50,50,1,50,5,68,3,9,36,36,34,1,36,1,68,4,9,37,37,42,1,37,2,68,6,1,38,38,-2,1,38,3,68,4,7,39,39,42,1,39,4,68,5,10,40,40,50,1,40,5
69,xy9q3tc8,,0,0,37,,,,,,0,,,0,0.00,jf1jsn1m,,,,,,0,1.0,0.00,69,,,,,,,,,,,,,,7,7,0,1,7,1,69,,,,,,,46,46,0,1,46,1,69,,,,,,,47,47,0,1,47,2,69,,,,,,,48,48,0,1,48,3,69,,,,,,,49,49,0,1,49,4,69,,,,,,,50,50,0,1,50,5,69,,8,36,36,0,1,36,1,69,,9,37,37,0,1,37,2,69,,1,38,38,0,1,38,3,69,,6,39,39,0,1,39,4,69,,9,40,40,0,1,40,5
70,rcgc9bme,,0,0,37,,,,,,0,,,0,0.00,jf1jsn1m,,,,,,0,1.0,0.00,70,,,,,,,,,,,,,,7,7,0,1,7,1,70,,,,,,,46,46,0,1,46,1,70,,,,,,,47,47,0,1,47,2,70,,,,,,,48,48,0,1,48,3,70,,,,,,,49,49,0,1,49,4,70,,,,,,,50,50,0,1,50,5,70,,2,36,36,0,1,36,1,70,,2,37,37,0,1,37,2,70,,8,38,38,0,1,38,3,70,,8,39,39,0,1,39,4,70,,3,40,40,0,1,40,5
71,sgrh01yh,,0,0,37,,,,,,0,,,0,0.00,jf1jsn1m,,,,,,0,1.0,0.00,71,,,,,,,,,,,,,,7,7,0,1,7,1,71,,,,,,,46,46,0,1,46,1,71,,,,,,,47,47,0,1,47,2,71,,,,,,,48,48,0,1,48,3,71,,,,,,,49,49,0,1,49,4,71,,,,,,,50,50,0,1,50,5,71,,8,36,36,0,1,36,1,71,,9,37,37,0,1,37,2,71,,5,38,38,0,1,38,3,71,,3,39,39,0,1,39,4,71,,5,40,40,0,1,40,5
72,obgawfwy,,0,0,37,,,,,,0,,,0,0.00,jf1jsn1m,,,,,,0,1.0,0.00,72,,,,,,,,,,,,,,7,7,0,1,7,1,72,,,,,,,46,46,0,1,46,1,72,,,,,,,47,47,0,1,47,2,72,,,,,,,48,48,0,1,48,3,72,,,,,,,49,49,0,1,49,4,72,,,,,,,50,50,0,1,50,5,72,,8,36,36,0,1,36,1,72,,9,37,37,0,1,37,2,72,,9,38,38,0,1,38,3,72,,3,39,39,0,1,39,4,72,,1,40,40,0,1,40,5
73,iqitlcw0,,0,0,37,,,,,,0,,,0,0.00,jf1jsn1m,,,,,,0,1.0,0.00,73,,,,,,,,,,,,,,7,7,0,1,7,1,73,,,,,,,46,46,0,1,46,1,73,,,,,,,47,47,0,1,47,2,73,,,,,,,48,48,0,1,48,3,73,,,,,,,49,49,0,1,49,4,73,,,,,,,50,50,0,1,50,5,73,,8,36,36,0,1,36,1,73,,4,37,37,0,1,37,2,73,,9,38,38,0,1,38,3,73,,6,39,39,0,1,39,4,73,,10,40,40,0,1,40,5
74,75eig4d2,,0,0,37,,,,,,0,,,0,0.00,jf1jsn1m,,,,,,0,1.0,0.00,74,,,,,,,,,,,,,,7,7,0,1,7,1,74,,,,,,,46,46,0,1,46,1,74,,,,,,,47,47,0,1,47,2,74,,,,,,,48,48,0,1,48,3,74,,,,,,,49,49,0,1,49,4,74,,,,,,,50,50,0,1,50,5,74,,8,36,36,0,1,36,1,74,,8,37,37,0,1,37,2,74,,3,38,38,0,1,38,3,74,,9,39,39,0,1,39,4,74,,7,40,40,0,1,40,5
75,a0ue2x4a,,0,0,37,,,,,,0,,,0,0.00,jf1jsn1m,,,,,,0,1.0,0.00,75,,,,,,,,,,,,,,7,7,0,1,7,1,75,,,,,,,46,46,0,1,46,1,75,,,,,,,47,47,0,1,47,2,75,,,,,,,48,48,0,1,48,3,75,,,,,,,49,49,0,1,49,4,75,,,,,,,50,50,0,1,50,5,75,,4,36,36,0,1,36,1,75,,2,37,37,0,1,37,2,75,,3,38,38,0,1,38,3,75,,2,39,39,0,1,39,4,75,,5,40,40,0,1,40,5
76,ah1bse3v,,0,38,37,lottery_game,5,TotalResults,10.99.209.164,2018-04-17 15:43:07.794739+00:00,1,,,266,266.00,jf1jsn1m,,,,,,0,1.0,0.00,76,24,Hombre,Universidad (pregrado),5,5,6,3,7,6,6,3,6,1,7,7,0,1,7,1,76,1,2,6,24,,0,46,46,0,1,46,1,76,0,4,8,16,,16,47,47,16,1,47,2,76,1,2,2,20,,0,48,48,0,1,48,3,76,0,10,10,20,,20,49,49,20,1,49,4,76,1,8,2,25,,0,50,50,0,1,50,5,76,5,7,36,36,50,1,36,1,76,2,6,37,37,26,1,37,2,76,5,6,38,38,50,1,38,3,76,6,9,39,39,54,1,39,4,76,5,9,40,40,50,1,40,5
77,4tqeufrm,,0,1,37,ingreso_datos,1,datos_personales,10.141.149.107,2018-04-17 15:44:05.801331+00:00,1,,,0,0.00,jf1jsn1m,,,,,,0,1.0,0.00,77,,,,,,,,,,,,,,7,7,0,1,7,1,77,,,,,,,46,46,0,1,46,1,77,,,,,,,47,47,0,1,47,2,77,,,,,,,48,48,0,1,48,3,77,,,,,,,49,49,0,1,49,4,77,,,,,,,50,50,0,1,50,5,77,,6,36,36,0,1,36,1,77,,1,37,37,0,1,37,2,77,,7,38,38,0,1,38,3,77,,2,39,39,0,1,39,4,77,,7,40,40,0,1,40,5
78,uzgf55av,,0,38,37,lottery_game,5,TotalResults,10.69.109.160,2018-04-17 15:44:53.853818+00:00,1,,,230,230.00,jf1jsn1m,,,,,,0,1.0,0.00,78,23,Hombre,Universidad (pregrado),2,2,6,3,5,6,5,2,6,5,7,7,0,1,7,1,78,0,9,2,30,,30,46,46,30,1,46,1,78,0,2,7,30,,30,47,47,30,1,47,2,78,0,5,3,30,,30,48,48,30,1,48,3,78,1,7,9,30,,0,49,49,0,1,49,4,78,0,5,8,30,,30,50,50,30,1,50,5,78,4,1,36,36,6,1,36,1,78,4,9,37,37,42,1,37,2,78,3,4,38,38,10,1,38,3,78,6,4,39,39,-2,1,39,4,78,6,6,40,40,54,1,40,5
79,cujx9neh,,0,1,37,ingreso_datos,1,datos_personales,10.11.206.114,2018-04-17 15:46:44.316571+00:00,1,,,0,0.00,jf1jsn1m,,,,,,0,1.0,0.00,79,,,,,,,,,,,,,,7,7,0,1,7,1,79,,,,,,,46,46,0,1,46,1,79,,,,,,,47,47,0,1,47,2,79,,,,,,,48,48,0,1,48,3,79,,,,,,,49,49,0,1,49,4,79,,,,,,,50,50,0,1,50,5,79,,8,36,36,0,1,36,1,79,,5,37,37,0,1,37,2,79,,3,38,38,0,1,38,3,79,,10,39,39,0,1,39,4,79,,7,40,40,0,1,40,5
80,ii2uo56h,,0,1,37,ingreso_datos,1,datos_personales,10.61.153.83,2018-04-17 15:47:48.552003+00:00,1,,,0,0.00,jf1jsn1m,,,,,,0,1.0,0.00,80,,,,,,,,,,,,,,7,7,0,1,7,1,80,,,,,,,46,46,0,1,46,1,80,,,,,,,47,47,0,1,47,2,80,,,,,,,48,48,0,1,48,3,80,,,,,,,49,49,0,1,49,4,80,,,,,,,50,50,0,1,50,5,80,,2,36,36,0,1,36,1,80,,1,37,37,0,1,37,2,80,,1,38,38,0,1,38,3,80,,8,39,39,0,1,39,4,80,,6,40,40,0,1,40,5
81,gik0r6fe,,0,38,37,lottery_game,5,TotalResults,10.81.225.141,2018-04-17 15:48:32.036399+00:00,1,,,154,154.00,jf1jsn1m,,,,,,0,1.0,0.00,81,23,Hombre,Universidad (pregrado),6,3,4,2,6,7,6,5,7,3,7,7,0,1,7,1,81,0,8,6,50,,50,46,46,50,1,46,1,81,1,9,8,50,,0,47,47,0,1,47,2,81,0,1,7,50,,50,48,48,50,1,48,3,81,1,5,5,50,,0,49,49,0,1,49,4,81,1,4,9,50,,0,50,50,0,1,50,5,81,5,3,36,36,2,1,36,1,81,6,4,37,37,-2,1,37,2,81,6,5,38,38,-2,1,38,3,81,6,6,39,39,54,1,39,4,81,5,5,40,40,2,1,40,5
82,9crkx31g,,0,1,37,ingreso_datos,1,datos_personales,10.69.237.119,2018-04-17 15:49:58.130766+00:00,1,,,0,0.00,jf1jsn1m,,,,,,0,1.0,0.00,82,,,,,,,,,,,,,,7,7,0,1,7,1,82,,,,,,,46,46,0,1,46,1,82,,,,,,,47,47,0,1,47,2,82,,,,,,,48,48,0,1,48,3,82,,,,,,,49,49,0,1,49,4,82,,,,,,,50,50,0,1,50,5,82,,3,36,36,0,1,36,1,82,,3,37,37,0,1,37,2,82,,10,38,38,0,1,38,3,82,,6,39,39,0,1,39,4,82,,2,40,40,0,1,40,5
83,oiowxet2,,0,7,37,bret,2,Decision,10.51.202.214,2018-04-17 15:51:16.221121+00:00,1,,,8,8.00,jf1jsn1m,,,,,,0,1.0,0.00,83,24,Hombre,Universidad (pregrado),5,5,4,3,7,5,5,1,3,4,7,7,0,1,7,1,83,0,6,5,8,,8,46,46,8,1,46,1,83,,,,,,,47,47,0,1,47,2,83,,,,,,,48,48,0,1,48,3,83,,,,,,,49,49,0,1,49,4,83,,,,,,,50,50,0,1,50,5,83,,6,36,36,0,1,36,1,83,,2,37,37,0,1,37,2,83,,5,38,38,0,1,38,3,83,,1,39,39,0,1,39,4,83,,8,40,40,0,1,40,5
84,guvnssmj,,0,0,37,,,,,,0,,,0,0.00,jf1jsn1m,,,,,,0,1.0,0.00,84,,,,,,,,,,,,,,7,7,0,1,7,1,84,,,,,,,46,46,0,1,46,1,84,,,,,,,47,47,0,1,47,2,84,,,,,,,48,48,0,1,48,3,84,,,,,,,49,49,0,1,49,4,84,,,,,,,50,50,0,1,50,5,84,,9,36,36,0,1,36,1,84,,2,37,37,0,1,37,2,84,,8,38,38,0,1,38,3,84,,5,39,39,0,1,39,4,84,,6,40,40,0,1,40,5
85,l7lj1cx4,,0,38,37,lottery_game,5,TotalResults,10.43.138.228,2018-04-17 15:53:19.864384+00:00,1,,,85,85.00,jf1jsn1m,,,,,,0,1.0,0.00,85,23,Hombre,Universidad (pregrado),5,4,6,5,6,6,6,4,6,5,7,7,0,1,7,1,85,0,8,8,5,,5,46,46,5,1,46,1,85,0,6,7,4,,4,47,47,4,1,47,2,85,0,2,8,6,,6,48,48,6,1,48,3,85,0,8,5,3,,3,49,49,3,1,49,4,85,0,7,10,17,,17,50,50,17,1,50,5,85,3,2,36,36,10,1,36,1,85,1,2,37,37,18,1,37,2,85,2,2,38,38,14,1,38,3,85,4,5,39,39,6,1,39,4,85,5,3,40,40,2,1,40,5
86,nxh2t5v3,,0,1,37,ingreso_datos,1,datos_personales,10.180.145.46,2018-04-17 15:54:50.703960+00:00,1,,,0,0.00,jf1jsn1m,,,,,,0,1.0,0.00,86,,,,,,,,,,,,,,7,7,0,1,7,1,86,,,,,,,46,46,0,1,46,1,86,,,,,,,47,47,0,1,47,2,86,,,,,,,48,48,0,1,48,3,86,,,,,,,49,49,0,1,49,4,86,,,,,,,50,50,0,1,50,5,86,,9,36,36,0,1,36,1,86,,7,37,37,0,1,37,2,86,,8,38,38,0,1,38,3,86,,10,39,39,0,1,39,4,86,,4,40,40,0,1,40,5
87,bayiulrr,,0,1,37,ingreso_datos,1,datos_personales,10.81.225.141,2018-04-17 15:56:34.641349+00:00,1,,,0,0.00,jf1jsn1m,,,,,,0,1.0,0.00,87,,,,,,,,,,,,,,7,7,0,1,7,1,87,,,,,,,46,46,0,1,46,1,87,,,,,,,47,47,0,1,47,2,87,,,,,,,48,48,0,1,48,3,87,,,,,,,49,49,0,1,49,4,87,,,,,,,50,50,0,1,50,5,87,,5,36,36,0,1,36,1,87,,6,37,37,0,1,37,2,87,,8,38,38,0,1,38,3,87,,10,39,39,0,1,39,4,87,,8,40,40,0,1,40,5
88,3kcvcosx,,0,18,37,lottery_game,1,Instructions,10.63.40.171,2018-04-17 15:57:14.469823+00:00,1,,,105,105.00,jf1jsn1m,,,,,,0,1.0,0.00,88,26,Hombre,Postgrado,6,5,5,1,6,2,6,1,6,1,7,7,0,1,7,1,88,0,7,7,30,,30,46,46,30,1,46,1,88,0,5,6,0,,0,47,47,0,1,47,2,88,0,6,3,35,,35,48,48,35,1,48,3,88,1,2,3,35,,0,49,49,0,1,49,4,88,0,6,3,40,,40,50,50,40,1,50,5,88,,9,36,36,0,1,36,1,88,,5,37,37,0,1,37,2,88,,5,38,38,0,1,38,3,88,,9,39,39,0,1,39,4,88,,3,40,40,0,1,40,5
89,ykhucxbj,,0,1,37,ingreso_datos,1,datos_personales,10.93.210.26,2018-04-17 15:59:52.880698+00:00,1,,,0,0.00,jf1jsn1m,,,,,,0,1.0,0.00,89,,,,,,,,,,,,,,7,7,0,1,7,1,89,,,,,,,46,46,0,1,46,1,89,,,,,,,47,47,0,1,47,2,89,,,,,,,48,48,0,1,48,3,89,,,,,,,49,49,0,1,49,4,89,,,,,,,50,50,0,1,50,5,89,,4,36,36,0,1,36,1,89,,6,37,37,0,1,37,2,89,,4,38,38,0,1,38,3,89,,3,39,39,0,1,39,4,89,,10,40,40,0,1,40,5
90,ia4fvnvh,,0,1,37,ingreso_datos,1,datos_personales,10.102.224.171,2018-04-17 16:02:39.305563+00:00,1,,,0,0.00,jf1jsn1m,,,,,,0,1.0,0.00,90,,,,,,,,,,,,,,7,7,0,1,7,1,90,,,,,,,46,46,0,1,46,1,90,,,,,,,47,47,0,1,47,2,90,,,,,,,48,48,0,1,48,3,90,,,,,,,49,49,0,1,49,4,90,,,,,,,50,50,0,1,50,5,90,,3,36,36,0,1,36,1,90,,1,37,37,0,1,37,2,90,,9,38,38,0,1,38,3,90,,3,39,39,0,1,39,4,90,,2,40,40,0,1,40,5
91,wfr6799j,,0,38,37,lottery_game,5,TotalResults,10.151.201.12,2018-04-17 16:03:10.372030+00:00,1,,,152,152.00,jf1jsn1m,,,,,,0,1.0,0.00,91,25,Mujer,Universidad (pregrado),6,2,6,1,6,3,6,2,6,2,7,7,0,1,7,1,91,0,4,6,10,,10,46,46,10,1,46,1,91,1,2,3,90,,0,47,47,0,1,47,2,91,1,2,9,98,,0,48,48,0,1,48,3,91,1,8,9,99,,0,49,49,0,1,49,4,91,1,6,10,99,,0,50,50,0,1,50,5,91,3,8,36,36,34,1,36,1,91,5,8,37,37,50,1,37,2,91,4,7,38,38,42,1,38,3,91,1,10,39,39,18,1,39,4,91,6,3,40,40,-2,1,40,5
92,jypwljop,,0,38,37,lottery_game,5,TotalResults,10.95.210.176,2018-04-17 16:04:21.651799+00:00,1,,,218,218.00,jf1jsn1m,,,,,,0,1.0,0.00,92,23,Hombre,Universidad (pregrado),3,2,5,2,4,6,6,4,6,4,7,7,0,1,7,1,92,0,8,6,20,,20,46,46,20,1,46,1,92,0,5,5,25,,25,47,47,25,1,47,2,92,0,7,5,20,,20,48,48,20,1,48,3,92,0,7,1,15,,15,49,49,15,1,49,4,92,1,7,10,40,,0,50,50,0,1,50,5,92,3,1,36,36,10,1,36,1,92,3,1,37,37,10,1,37,2,92,5,8,38,38,50,1,38,3,92,1,4,39,39,18,1,39,4,92,5,9,40,40,50,1,40,5
93,mznfszow,,0,3,37,bret,1,Instructions,10.5.201.154,2018-04-17 16:07:06.464104+00:00,1,,,0,0.00,jf1jsn1m,,,,,,0,1.0,0.00,93,24,Mujer,Universidad (pregrado),6,3,7,6,6,4,7,2,6,3,7,7,0,1,7,1,93,,,,,,,46,46,0,1,46,1,93,,,,,,,47,47,0,1,47,2,93,,,,,,,48,48,0,1,48,3,93,,,,,,,49,49,0,1,49,4,93,,,,,,,50,50,0,1,50,5,93,,5,36,36,0,1,36,1,93,,3,37,37,0,1,37,2,93,,7,38,38,0,1,38,3,93,,2,39,39,0,1,39,4,93,,5,40,40,0,1,40,5
94,bc9pw9hd,,0,1,37,ingreso_datos,1,datos_personales,10.30.53.52,2018-04-17 16:07:52.416903+00:00,1,,,0,0.00,jf1jsn1m,,,,,,0,1.0,0.00,94,,,,,,,,,,,,,,7,7,0,1,7,1,94,,,,,,,46,46,0,1,46,1,94,,,,,,,47,47,0,1,47,2,94,,,,,,,48,48,0,1,48,3,94,,,,,,,49,49,0,1,49,4,94,,,,,,,50,50,0,1,50,5,94,,9,36,36,0,1,36,1,94,,4,37,37,0,1,37,2,94,,5,38,38,0,1,38,3,94,,4,39,39,0,1,39,4,94,,2,40,40,0,1,40,5
95,z1cdd710,,0,3,37,bret,1,Instructions,10.228.182.163,2018-04-17 16:31:07.405282+00:00,1,,,0,0.00,jf1jsn1m,,,,,,0,1.0,0.00,95,23,Mujer,Universidad (pregrado),6,2,6,3,7,6,5,2,6,4,7,7,0,1,7,1,95,,,,,,,46,46,0,1,46,1,95,,,,,,,47,47,0,1,47,2,95,,,,,,,48,48,0,1,48,3,95,,,,,,,49,49,0,1,49,4,95,,,,,,,50,50,0,1,50,5,95,,10,36,36,0,1,36,1,95,,7,37,37,0,1,37,2,95,,5,38,38,0,1,38,3,95,,5,39,39,0,1,39,4,95,,9,40,40,0,1,40,5
96,aewe8021,,0,0,37,,,,,,0,,,0,0.00,jf1jsn1m,,,,,,0,1.0,0.00,96,,,,,,,,,,,,,,7,7,0,1,7,1,96,,,,,,,46,46,0,1,46,1,96,,,,,,,47,47,0,1,47,2,96,,,,,,,48,48,0,1,48,3,96,,,,,,,49,49,0,1,49,4,96,,,,,,,50,50,0,1,50,5,96,,9,36,36,0,1,36,1,96,,7,37,37,0,1,37,2,96,,9,38,38,0,1,38,3,96,,8,39,39,0,1,39,4,96,,7,40,40,0,1,40,5
97,ub00m3p5,,0,0,37,,,,,,0,,,0,0.00,jf1jsn1m,,,,,,0,1.0,0.00,97,,,,,,,,,,,,,,7,7,0,1,7,1,97,,,,,,,46,46,0,1,46,1,97,,,,,,,47,47,0,1,47,2,97,,,,,,,48,48,0,1,48,3,97,,,,,,,49,49,0,1,49,4,97,,,,,,,50,50,0,1,50,5,97,,4,36,36,0,1,36,1,97,,5,37,37,0,1,37,2,97,,3,38,38,0,1,38,3,97,,8,39,39,0,1,39,4,97,,10,40,40,0,1,40,5
98,p6l9rboc,,0,0,37,,,,,,0,,,0,0.00,jf1jsn1m,,,,,,0,1.0,0.00,98,,,,,,,,,,,,,,7,7,0,1,7,1,98,,,,,,,46,46,0,1,46,1,98,,,,,,,47,47,0,1,47,2,98,,,,,,,48,48,0,1,48,3,98,,,,,,,49,49,0,1,49,4,98,,,,,,,50,50,0,1,50,5,98,,9,36,36,0,1,36,1,98,,2,37,37,0,1,37,2,98,,3,38,38,0,1,38,3,98,,2,39,39,0,1,39,4,98,,4,40,40,0,1,40,5
99,9ih4a7q8,,0,0,37,,,,,,0,,,0,0.00,jf1jsn1m,,,,,,0,1.0,0.00,99,,,,,,,,,,,,,,7,7,0,1,7,1,99,,,,,,,46,46,0,1,46,1,99,,,,,,,47,47,0,1,47,2,99,,,,,,,48,48,0,1,48,3,99,,,,,,,49,49,0,1,49,4,99,,,,,,,50,50,0,1,50,5,99,,7,36,36,0,1,36,1,99,,6,37,37,0,1,37,2,99,,10,38,38,0,1,38,3,99,,10,39,39,0,1,39,4,99,,1,40,40,0,1,40,5
100,0ltmrquo,,0,38,37,lottery_game,5,TotalResults,10.91.197.67,2018-04-17 16:12:01.767598+00:00,1,,,250,250.00,jf1jsn1m,,,,,,0,1.0,0.00,100,22,Hombre,Universidad (pregrado),5,2,4,3,4,5,6,4,6,2,7,7,0,1,7,1,100,1,9,6,60,,0,46,46,0,1,46,1,100,0,8,5,60,,60,47,47,60,1,47,2,100,0,4,1,60,,60,48,48,60,1,48,3,100,1,10,4,70,,0,49,49,0,1,49,4,100,1,10,10,60,,0,50,50,0,1,50,5,100,3,2,36,36,10,1,36,1,100,4,4,37,37,6,1,37,2,100,5,9,38,38,50,1,38,3,100,5,6,39,39,50,1,39,4,100,2,4,40,40,14,1,40,5
1,4dcq7z6g,,0,0,37,,,,,,0,,,0,0.00,v0kkzy0g,,,,,,1,1.0,0.00,1,,,,,,,,,,,,,,8,8,0,1,8,1,1,,,,,,,51,51,0,1,51,1,1,,,,,,,52,52,0,1,52,2,1,,,,,,,53,53,0,1,53,3,1,,,,,,,54,54,0,1,54,4,1,,,,,,,55,55,0,1,55,5,1,,6,41,41,0,1,41,1,1,,5,42,42,0,1,42,2,1,,5,43,43,0,1,43,3,1,,10,44,44,0,1,44,4,1,,10,45,45,0,1,45,5
1,tymcbwm2,,0,0,37,,,,,,0,,,0,0.00,ecehnzj3,,,,,,1,1.0,0.00,1,,,,,,,,,,,,,,9,9,0,1,9,1,1,,,,,,,56,56,0,1,56,1,1,,,,,,,57,57,0,1,57,2,1,,,,,,,58,58,0,1,58,3,1,,,,,,,59,59,0,1,59,4,1,,,,,,,60,60,0,1,60,5,1,,4,46,46,0,1,46,1,1,,10,47,47,0,1,47,2,1,,9,48,48,0,1,48,3,1,,10,49,49,0,1,49,4,1,,1,50,50,0,1,50,5
1,sdeaj23e,,0,2,37,ingreso_datos,1,soft_skills,10.33.186.234,2018-04-17 17:05:39.410235+00:00,1,,,0,0.00,6cypomvj,,,,,,1,1.0,0.00,1,22,Hombre,Universidad (pregrado),,,,,,,,,,,10,10,0,1,10,1,1,,,,,,,61,61,0,1,61,1,1,,,,,,,62,62,0,1,62,2,1,,,,,,,63,63,0,1,63,3,1,,,,,,,64,64,0,1,64,4,1,,,,,,,65,65,0,1,65,5,1,,4,51,51,0,1,51,1,1,,2,52,52,0,1,52,2,1,,4,53,53,0,1,53,3,1,,1,54,54,0,1,54,4,1,,3,55,55,0,1,55,5
1,xb1cztcs,,0,0,37,,,,,,0,,,0,0.00,6prgyqlk,,,,,,1,1.0,0.00,1,,,,,,,,,,,,,,11,11,0,1,11,1,1,,,,,,,66,66,0,1,66,1,1,,,,,,,67,67,0,1,67,2,1,,,,,,,68,68,0,1,68,3,1,,,,,,,69,69,0,1,69,4,1,,,,,,,70,70,0,1,70,5,1,,7,56,56,0,1,56,1,1,,4,57,57,0,1,57,2,1,,2,58,58,0,1,58,3,1,,10,59,59,0,1,59,4,1,,9,60,60,0,1,60,5
